Deutsch,English
Ich,I
ist,is
ich,I
nicht,not
Sie,She
du,you
das,the
die,the
es,it
und,and
der,the
zu,to
sie,she
Das,The
ein,a
in,in
wir,we
Du,You
mir,me
mit,with
Was,What
den,the
mich,me
was,What
auf,on
dass,that
er,he
eine,one
Es,It
hat,has
Wir,We
Und,And
so,so
sind,are
von,from
dich,you
war,was
haben,have
für,for
Ja,Yes
hier,here
an,at
habe,have
Er,He
bin,am
wie,How
noch,still
dir,you
uns,us
sich,itself
Die,The
nur,only
einen,a
Nein,No
dem,dem
ihn,him
auch,also
hast,have
sein,be
ihr,her
da,there
aus,out of
kann,can
aber,but
Aber,But
schon,already
wenn,if
wird,becomes
um,around
Wie,How
als,as
bist,are
im,in the
mal,just
doch,but
gut,good
meine,mine
jetzt,now
weiß,white
Wenn,If
werden,become
Der,The
nach,after
ja,Yes
Oh,Oh
oder,or
dann,then
will,want
mein,my
mehr,more
keine,no
etwas,something
alles,everything
muss,must
immer,always
nichts,nothing
man,man
wieder,again
bei,at
hab,have
machen,make
vor,before
Mann,Man
ihm,him
einem,one
tun,do
zum,for the
können,can
sagen,say
werde,become
denn,because
Ist,Is
Ein,A
Warum,Why
einer,one
gehen,go
sehen,see
sehr,very
geht,goes
alle,all
über,above
müssen,must
diese,this
einfach,simply
euch,you
des,of
nie,never
Also,So
Wo,Where
los,Come on
Zeit,Time
Ihnen,Them
gibt,gives
wirklich,really
Hey,Hey
Danke,Thanks
deine,your
würde,would
soll,should
Da,There
hatte,had
Hier,Here
wissen,knowledge
bitte,please
viel,much
Dann,Then
So,So
gesagt,said
Ihr,Her
am,at the
kein,no
Komm,Come
Wer,Who
zurück,back
wurde,became
In,In
wollte,wanted
Frau,Woman
Leben,Life
wäre,were
wo,where
damit,with it
Nicht,Not
lch,lch
Gott,God
Leute,People
kannst,can
heute,today
meinen,mean
dieser,this
dein,your
kommt,comes
kommen,come
willst,want
Na,N/a
wollen,want
sicher,secure
ganz,quite
Jetzt,Now
Mein,My
Mr,Mr
also,so
zur,to
Hast,Have
Gut,Good
hätte,would have
weil,because
tut,does
Hallo,Hello
Okay,OK
macht,might
waren,were
bis,until
Vielleicht,Perhaps
könnte,could
Eine,One
Bitte,Please
weg,away
seine,his
lassen,let
Vater,Father
gesehen,seen
Nun,Well
gerade,straight
Alles,Everything
glaube,believe
Tag,Day
ab,away
Geld,Money
gemacht,made
nein,no
Sir,Sir
sollte,should
sagte,said
keinen,none
durch,through
zwei,two
diesen,this one
passiert,happened
wohl,probably
vielleicht,perhaps
ihre,her
Mutter,Mother
reden,talk
anderen,others
dachte,thought
daß,that
möchte,want
wirst,will
lhr,yours
gehört,heard
weißt,know
Keine,No
raus,out
Meine,Mine
paar,couple
besser,better
ob,if
her,here
musst,must
Ordnung,Order
meiner,mine
klar,clear
ihnen,them
Los,Come on
diesem,this one
meinem,my
lange,long
Lass,Let
dieses,this
helfen,help
unsere,our
Weg,Away
selbst,himself
Nur,Only
finden,find
Mal,Just
jemand,someone
denke,think
Ach,Oh
Nacht,Night
genau,Exactly
gar,even
sagt,says
Welt,World
Auf,On
Mädchen,Girl
ins,into the
hin,there
vom,from the
schön,nice
warum,Why
weiter,further
Leid,Sorrow
gleich,even
wer,who
Man,Man
ohne,without
Menschen,People
deinen,yours
leid,sorrow
Wieso,How come
dort,there
Als,As
Hause,home
sollten,should
davon,of that
zusammen,together
geben,give
Ok,OK
Hör,Listen
machst,do
Freund,Friend
richtig,correct
Angst,Fear
Bist,Are
Tut,Does
Mit,With
viele,many
sieht,sees
Haus,House
tot,dead
sollen,should
ganze,whole
andere,other
getan,did
okay,OK
rein,pure
Diese,This
Moment,moment
bleiben,remain
brauchen,need
Weil,Because
Kinder,Children
unter,under
Arbeit,Work
Für,For
Problem,problem
dafür,for that
Herr,Mister
Haben,Have
wegen,because of
Jack,Jack
liebe,love
genug,enough
dabei,included
bringen,bring
Ihre,Her
gegen,against
Weißt,You know
Sag,say
schnell,fast
nun,so
eines,one
brauche,need
Abend,Evening
hatten,had
Jahre,Years
Mach,Do
Bruder,Brother
Sache,Matter
hören,hear
komm,come
Sohn,Son
seit,since
Morgen,Morning
drei,three
steht,stands
Scheiße,Fuck
mag,like
sei,be
unser,our
konnte,could
habt,have
Oder,Or
einmal,once
heißt,is called
OK,OK
Willst,Want
Kopf,Head
Hilfe,Help
Familie,Family
Geh,Go
Baby,infant
Dich,You
Sind,Are
erst,first
fertig,complete
gefunden,found
seid,are
kam,came
nehmen,take
morgen,morning
sprechen,speak
Mir,Me
sofort,immediately
Kann,Can
Hat,Has
Jahren,years
Kind,child
seinen,his
Genau,Exactly
daran,to it
Junge,Boy
Minuten,minutes
bevor,before
Stadt,City
beim,at the
sterben,die
warst,were
Recht,Right
glauben,believe
Warte,Wait
darüber,about it
deiner,yours
lhre,yours
deinem,yours
Ende,End
He,Hey
Dinge,Things
Namen,names
wahr,true
Alle,All
allein,alone
Natürlich,Naturally
töten,kill
Nichts,Nothing
Wirklich,Really
bekommen,receive
Männer,Men
vergessen,forget
Doch,But
dazu,in addition
gab,gave
später,later
wusste,knew
Augen,Eyes
Dank,Thanks to
Freunde,Friends
Jungs,guys
halten,hold
warten,wait
Glück,Luck
beide,both
gute,good
Dein,Your
kennen,know
Deine,Your
Hi,Hi
Dr,Dr
Auto,automobile
sage,legend
gehe,go
komme,come
Dir,You
mache,make
Von,From
Uhr,Clock
sehe,see
Teufel,Devil
sonst,otherwise
Art,Art
gern,gladly
Liebe,Love
jeden,every
könnten,could
ihren,your
Halt,Stop
Fall,case
Dad,Dad
Film,Movie
bisschen,a little
eigentlich,actually
weit,far
mach,do
Gib,Give
vorbei,over
verstehe,understand
danke,Thanks
drin,inside
Im,In the
Name,Surname
ganzen,entire
Musik,Music
würden,would
Tür,door
verrückt,crazy
solltest,should
denken,think
Noch,Still
dran,your turn
Sieh,See
lieber,Dear
Den,The
leben,life
Guten,Good
Um,Around
darauf,on it
Kein,No
stimmt,true
John,John
Kerl,Guy
letzte,last
Job,job
verloren,lost
wurden,became
kenne,know
Ahnung,Idea
seiner,his
Grund,Reason
toll,Great
Bis,Until
Verdammt,Damned
bald,soon
bereit,ready
all,Alles
jemanden,someone
hinter,behind
Schon,Already
Sehr,Very
Hand,hand
darf,may
Dieser,This
Frauen,Women
Euch,You
Idee,idea
runter,down
Macht,Power
draußen,outside
lang,long
Land,country
lass,let
Typ,Type
hätten,would have
egal,doesn't matter
arbeiten,work
spät,late
stehen,stand
ok,OK
Gute,Good
gekommen,came
Bei,At
etwa,approximately
essen,eat
kleine,small
jeder,everyone
Schwester,Sister
Wasser,Water
spielen,play
Geschichte,Story
seinem,his
liegt,lies
sah,saw
Mom,Mom
Seite,Page
wenig,few
ruhig,quiet
Frage,Ask
meinst,mean
überhaupt,at all
fahren,drive
Ganz,Quite
Gehen,Go
Essen,Eat
Ruhe,Quiet
echt,Really
versucht,tried
Tochter,Daughter
Kommt,Comes
Einen,A
ging,went
Jahr,Year
braucht,needs
fast,nearly
neue,new
geh,go
ziemlich,quite
anders,different
siehst,see
Polizei,police
Stunden,Hours
musste,had to
Spiel,Game
gewesen,been
gerne,gladly
finde,find
erzählt,told
Tod,Death
Ort,Location
Chance,chance
bedeutet,means
War,Was
sag,say
sagst,say
fragen,questions
letzten,last
sogar,even
ersten,first
Sachen,Things
Wahrheit,Truth
einzige,only
kurz,short
denen,those
Kommen,Come
Spaß,Fun
Nach,After
oben,above
Mama,mummy
schwer,difficult
Schule,School
je,ever
eben,even
Gesicht,Face
bestimmt,certainly
treffen,meet
niemand,no one
Woche,Week
Entschuldigung,Excuse me
Sorgen,Care for
warte,wait
natürlich,naturally
schlecht,bad
große,size
getötet,killed
verstehen,understand
hoffe,hope
Ah,Uh
Sei,Be
Zimmer,Room
hoch,high
unserer,ours
Tage,days
Teil,Part
Wann,When
suchen,seek
verlassen,leave
zeigen,show
wollten,wanted to
lässt,leaves
Wort,Word
eins,one
zwischen,between
Woher,From where
Schatz,Treasure
Wissen,To know
versuchen,attempt
Können,Can
Kannst,Can
nett,kind
Zu,To
kriegen,get
Geht,Goes
Arsch,ass
kleinen,small
Hab,Have
weiss,white
erste,first
läuft,running
kommst,come
Freundin,Girlfriend
Mensch,Person
beiden,both
Ding,thing
niemals,never
endlich,finally
Nimm,take
muß,must
gehst,go
Heute,Today
denkst,think
Herz,Heart
Waffe,weapon
Soll,Should
tust,do
Dollar,dollar
nehme,take
Schau,Look
holen,fetch
oft,often
drauf,on it
anderes,other
Niemand,No one
unten,below
Wagen,Dare
Yeah,Yeah
Schön,Nice
wichtig,important
Mrs,Mrs
hättest,would have
allen,everyone
Miss,Miss
ihrer,of their
gedacht,thought
Nummer,number
würdest,would
erzählen,tell
bleibt,remains
Auch,Also
Hände,hands
Blut,blood
Sehen,See
bloß,just
recht,right
bringt,brings
Bett,Bed
Lassen,Let
Eltern,Parents
gefällt,pleases
Schuld,Fault
eure,your
Plan,plan
Krieg,War
neuen,new
Klar,Clear
retten,rescue
guter,goods
während,while
ihrem,theirs
wären,would be
Fehler,Mistake
scheint,appears
Lasst,Leaves
gegeben,given
An,At
hör,listen
glücklich,happy
verdammt,damned
alt,old
Platz,Place
darum,therefore
Vielen,Many
falsch,incorrect
unseren,ours
schlafen,sleep
Sagen,Say
nächsten,next
fünf,five
frei,free
Sorge,Worries
Vor,Before
fest,firmly
bereits,already
alleine,alone
Denn,Because
Zwei,Two
Fragen,Questions
möglich,possible
irgendwie,somehow
Papa,father
lernen,learn
gestern,yesterday
hierher,here
Schiff,Ship
vier,four
irgendwas,anything
Stimmt,True
Menge,Crowd
keiner,none
brauchst,need
Typen,Types
Dass,That
Stunde,Hour
Szene,scene
Hölle,hell
einige,some
Deshalb,For this reason
geworden,become
Telefon,phone
Darf,May
Feuer,Fire
Wollen,Want
Bin,Am
Alter,Old
Captain,Captain
Aus,Out of
Dieses,This
Probleme,problems
Jeder,Everyone
verstanden,understood
wann,When
alten,old
sondern,rather
guten,good
zwar,that is
eigenen,own
New,New
Körper,Body
hört,hears
Zum,For the
gebe,give
Kumpel,Dude
Hund,Dog
nochmal,again
früh,early
Hören,Hear
trinken,drink
besten,best
meines,mine
schaffen,create
alte,old
Luft,Air
Jemand,Someone
dürfen,may
Meister,master
Erde,Earth
Seit,Since
Sicher,secure
Hört,Listen
Zukunft,Future
kaum,barely
funktioniert,functions
voll,full
Bleib,Stay
reicht,suffices
weh,sore
stellen,place
Siehst,See
kleiner,smaller
großen,huge
Waffen,weapons
Büro,Office
Wahl,Choice
verlieren,lose
Wochen,weeks
Damit,With it
Stück,Piece
lieben,love
allem,everything
getroffen,met
äh,uh
Am,At the
geschafft,done
tue,do
gefallen,fallen
Tja,Well
Boss,boss
überall,everywhere
Sieht,Sees
passieren,happen
lustig,funny
Licht,Light
gebracht,brought
nennen,to name
Folge,Consequence
Gefühl,Feeling
völlig,fully
denkt,thinks
Schlüssel,Key
drüben,over there
Richtig,Correct
wieso,how come
Leuten,people
Buch,Book
laufen,run
spielt,plays
früher,earlier
Sein,Be
Sam,Sam
krank,sick
gegangen,gone
fand,found
Seine,His
Pass,passport
fühle,feel
Himmel,Heaven
froh,glad
leicht,light
direkt,direct
langsam,slow
wolltest,wanted
erinnern,remember
zuerst,first
Krankenhaus,hospital
Viel,Much
beste,best
welche,which
genommen,taken
Arzt,Physician
unserem,ours
Idiot,idiot
Machen,Make
glaubst,believe
jede,every
Ohne,Without
groß,large
hattest,had
Äh,Uh
Jungen,Boys
Rest,rest
Unsere,Our
versuche,try
Tagen,days
nächste,next
Entschuldigen,Excuse
Doktor,doctor
spricht,speaks
könnt,can
hält,holds
Team,team
Verstanden,Understood
kämpfen,battle
heiraten,marry
könntest,could
Wow,Wow
Mike,Mike
Etwas,Something
Straße,Street
Mist,Damn
König,king
redest,talk
kleines,small
lebt,lives
erklären,explain
worden,been
Millionen,millions
Wiedersehen,Goodbye
Onkel,Uncle
kennst,know
sitzen,sit
dies,this
weniger,fewer
Kaffee,Coffee
ernst,serious
wollt,want
tragen,carry
Zeug,Things
trotzdem,despite it
Michael,Michael
Ihren,Your
kaufen,buy
Liste,list
ändern,change
Kampf,Battle
hasse,hate
Person,person
Mund,mouth
umbringen,kill
Präsident,president
Boden,Floor
Wohin,Where
machte,made
Party,party
gefragt,asked
Seht,Look
irgendwo,somewhere
kümmern,take care
Frank,Frank
kennt,knows
verletzt,injured
Habt,Have
Nachricht,News
Willkommen,Welcome
vielen,many
hart,hard
lasse,let
total,total
Gefängnis,Jail
außer,except
Sicherheit,Security
Schnell,Fast
wem,whom
ehrlich,honest
interessiert,interested
Sex,sex
sagten,said
ziehen,pull
Welche,Which
Unser,Our
Augenblick,moment
angerufen,called
aufhören,stop
Klasse,Class
Bild,Picture
stark,strong
Dies,This
Eure,Your
zehn,ten
Sinn,sense
David,David
vorstellen,introduce
Tom,Tom
Traum,Dream
länger,longer
manchmal,sometimes
anrufen,call
sechs,six
Arschloch,asshole
sollst,you should
gestorben,died
Tages,day
verschwinden,disappear
Kraft,Power
gesprochen,spoken
heraus,out of here
genauso,just as
wärst,would be
Eins,One
damals,at that time
heißen,be called
Liebling,Darling
wahrscheinlich,probably
deshalb,for this reason
Stelle,Job
halt,stop
lhren,yours
Bill,Bill
erwartet,expected
solche,such
meisten,most
bringe,bring
still,quiet
umgebracht,killed
Stimme,Agree
General,general
Geben,Give
Entschuldige,Sorry
Vergiss,Forget
rede,speech
führen,lead
Bewegung,Movement
höre,listen
Sonst,Otherwise
Geschäft,Business
werdet,will
konnten,could
wartet,waits
Raus,Out
anfangen,begin
Habe,Have
hinten,rear
fällt,falls
wen,whom
Sekunden,seconds
Manchmal,Sometimes
gerettet,rescued
Naja,Oh well
Gibt,Gives
jemals,ever
Meinung,Opinion
geschehen,happen
Antwort,Answer
schlimm,terrible
Eigentlich,Actually
findet,finds
Scheiß,Shit
gewinnen,win
Tu,Do
Gedanken,Thoughts
erinnere,remember
George,George
mögen,like
Herren,Men's
York,York
Earl,Earl
klingt,sounds
vorher,previously
Auge,Eye
setzen,set
cool,cool
Anfang,Beginning
Immer,Always
danach,thereafter
Monate,Months
Lebens,life
Beste,Best
benutzen,use
Nehmen,Take
fühlen,feel
Ärger,Trouble
arbeite,work
Rolle,role
gefährlich,dangerous
Dort,There
gelernt,learned
fallen,fall
böse,evil
werd,will
Nähe,Vicinity
geschickt,sent
liebt,loves
Tisch,Table
Mehr,More
Ziel,Goal
Raum,Space
jedem,each
fliegen,fly
Wohnung,Apartment
Dafür,For that
lhnen,you
erfahren,experience
dumm,dumb
by,by
eher,rather
vorsichtig,cautious
herum,around
Klappe,flap
schicken,send
Laden,Load
aufs,onto
Wird,Becomes
Warten,Wait
großer,greater
Charlie,Charlie
arbeitet,is working
Euer,Your
Worte,words
richtige,right one
Flugzeug,Airplane
Firma,company
bezahlen,pay
Einer,One
Glaubst,Believe
falls,if
schreiben,write
tat,did
Darum,Therefore
starb,died
Schluss,Ending
Fenster,Window
liegen,lay
Verzeihung,forgiveness
niemanden,nobody
neues,new
Weiß,White
benutzt,used
jedes,each
schätze,guess
Finger,finger
wert,value
rüber,over
halte,hold
Falls,If
besonders,particularly
Daddy,Daddy
Witz,Joke
nachdem,after
nimmt,takes
Kontrolle,control
großartig,great
Herzen,hearts
gutes,good
gewonnen,won
the,the
Bier,Beer
kamen,came
Drei,Three
stolz,proud
Egal,No matter
komisch,funny
bitten,ask
Ihrer,Of their
Randy,Randy
plötzlich,suddenly
Joe,Joe
Bring,Bring
Informationen,information
bring,bring
neu,new
glaubt,believes
Seid,Are
hörte,heard
rum,rum
Lage,Position
sowieso,anyway
bekommt,receives
Ruf,Call
dagegen,against it
Richtung,Direction
nötig,necessary
Johnny,Johnny
Minute,minute
lesen,read
behalten,keep
selber,himself
verkaufen,sell
geschrieben,written
lhrer,yours
Entscheidung,Decision
unterwegs,on the way
Insel,Island
Hotel,hotel
Harry,Harry
voller,full of
Bob,bob
frage,ask
Monat,Month
rufe,shout
verdient,earned
Rachel,Rachel
gearbeitet,worked
James,James
wenigstens,at least
wünschte,wished
tu,do
schöne,lovely
Selbst,Himself
Seele,Soul
stand,was standing
Geist,Spirit
Gefahr,Danger
Gefallen,Fallen
unmöglich,impossible
gelesen,read
glaub,believe
Wegen,Because of
bezahlt,paid
Schicksal,Fate
verstehst,understand
leider,unfortunately
Monaten,months
Weile,while
verheiratet,married
mussten,had to
Agent,agent
rufen,call
jemandem,someone
gib,give
Beispiel,Example
kalt,cold
sitzt,sits
Anruf,Call
Sekunde,second
schneller,more quickly
hey,hey
verdammte,damn
Peter,Peter
euer,your
hole,fetch
Sarah,Sarah
Denkst,Think
Bauer,Farmer
Karte,Map
aller,all
Befehl,command
darfst,may
bekannt,known
Opfer,Victim
unglaublich,incredible
steckt,plugged
Ernst,Serious
unbedingt,absolutely
Wen,Whom
Zug,Train
perfekt,perfect
witzig,funny
Amerika,America
Keiner,None
Kamera,camera
führt,leads
passt,fits
schlagen,hit
kriegt,gets
Glauben,Believe
sieh,see
Homer,Homer
nennt,calls
Gefühle,feelings
ständig,constant
verändert,changed
tolle,great
Gottes,God's
heiß,hot
Partner,partner
Mörder,Murderer
folgen,consequences
Mich,Me
Computer,computer
dahin,there
ansehen,view
Außerdem,Besides that
Wovon,About what
nimm,take
klein,small
zerstört,destroyed
suche,search
I,I
nämlich,namely
Versuch,Attempt
schlimmer,worse
Sheriff,sheriff
Unfall,Accident
müsste,would have to
entschuldigen,excuse
Vorsicht,Caution
Nase,Nose
sowas,like this
schießen,shoot
alter,age
Geburtstag,Birthday
beschützen,to protect
Zurück,Back
müde,tired
Beziehung,Relationship
gestohlen,stolen
stirbt,dies
Geheimnis,Secret
süß,sweet
offen,open
Ihrem,yours
Geschenk,Gift
Punkt,Point
Über,Over
hilft,helps
Dame,lady
bewegen,move
solange,as long as
sauer,sour
Tasche,Bag
Schritt,Step
Claire,Claire
Setz,Set
Arm,poor
meinte,said
müsst,must
erwischt,caught
gehabt,had
Bart,beard
vertrauen,trust
erreichen,to reach
wär,would be
Alex,Alex
Gebäude,Building
Ähm,Um
versprochen,promised
O,O
fort,continued
erledigt,completed
Armee,army
nahm,took
näher,closer
weitere,more
Will,Want
Rücken,Back
Chef,boss
Paul,Paul
Regierung,Government
Preis,Price
Hm,Hm
Wunder,Wonder
Verbindung,Connection
Bescheid,Notice
Boot,boat
lst,lst
Dan,Dan
Situation,situation
normal,normal
erledigen,complete
mußt,must
Ehre,Honor
Planeten,Planets
fürs,for
darin,in this
kriegst,you get
drehen,turn
Denk,Think
Prinzessin,princess
Ben,Ben
Drogen,Drugs
Reise,Trip
Mord,murder
Ob,If
Toll,Great
schwöre,swear
Zeiten,times
Schlampe,slut
Regeln,Regulate
aussehen,look
Rede,speech
verliebt,in love
Position,position
redet,talks
Scheisse,Crap
Möglichkeit,Possibility
Sonne,Sun
hol,get
letzter,last
Kontakt,Contact
and,and
Könnte,Could
Damen,Ladies
deswegen,because of this
ähm,um
gekauft,bought
Schwert,sword
Hunger,hunger
Frieden,Peace
CTU,CTU
Tony,Tony
persönlich,personal
Blick,View
Einzige,Only
Nachrichten,News
Maul,Mouth
verraten,betrayed
Hoffnung,Hope
geboren,born
Untertitel,subtitle
kaputt,broken
Soldaten,soldiers
eigene,own
ans,ans
übrig,left over
Muss,Must
hältst,hold
aufhalten,stop
Zeichen,Sign
Sofort,Immediately
dauert,lasts
versteckt,hidden
tatsächlich,actually
Schwein,Pig
Band,tape
Laß,Let
Haare,Hair
wütend,angry
Hochzeit,Wedding
Lhr,Sir
schrecklich,terrible
fühlt,feels
Energie,energy
Chloe,Chloe
traurig,sad
sauber,clean
Leiche,Corpse
links,Left
Kleine,Small
super,Excellent
Bord,board
möchten,want
Erst,First
magst,like
fangen,catch
gesucht,wanted
beschäftigt,busy
wisst,know
weisst,know
Wartet,Wait
erwarten,expect
verschwunden,disappeared
Joey,Joey
Professor,professor
Buffy,Buffy
sobald,as soon as
Billy,Billy
geredet,talked
Brief,letter
acht,eight
Lauf,Run
Robin,Robin
zeigt,shows
Show,show
hübsch,pretty
sucht,seeks
Ross,Horse
verkauft,sold
sagtest,you said
namens,called
Fernsehen,TV
wohin,where
Hol,Hol
ließ,let
heiße,name is
fährt,moves
tanzen,dance
nervös,nervous
findest,find
gegessen,eaten
fehlt,missing
Vergangenheit,Past
miteinander,each other
deines,yours
neben,next to
Handy,mobile
anderer,another
tief,deep
ran,ran
Runter,Down
Aufgabe,Task
The,The
richtigen,right
Foto,photo
schau,look
verdammten,damn
Tee,tea
sieben,seven
Fuß,Foot
geschlafen,slept
brauch,need
of,of
Kindern,children
Beine,Legs
ewig,forever
lhrem,yours
absolut,absolutely
hm,Hm
schlechte,bad
Unsinn,nonsense
ruf,call
Treffen,Meet
irgendetwas,anything
hörst,hear
Bombe,bomb
bekam,got
Herrn,Mr
Halten,Hold
gelassen,calmly
Tante,aunt
angefangen,begun
Hals,Neck
vorne,in front
Bullen,cops
Bank,Bank
Weise,Way
verantwortlich,responsible
Paris,Paris
öffnen,open
schwierig,difficult
seh,see
bleibe,stay
rechts,right
Operation,surgery
Sollen,Should
Anwalt,Attorney
verspreche,promise
bleibst,stay
a,a
Glückwunsch,congratulations
entscheiden,decide
entfernt,removed
brachte,brought
zerstören,destroy
Wahrscheinlich,Probably
Lied,song
gespielt,played
aussieht,looks
Tun,Do
Lust,Desire
Vaters,father
Uh,Uh
Meinst,I mean
Bilder,Pictures
uh,uh
kriege,get
Feind,Enemy
Händen,hands
jung,young
Ball,ball
stecken,put
Sobald,As soon as
Reden,Talk
geholfen,helped
gleichen,same
gehören,belong
wach,awake
genannt,called
zahlen,pay
nahe,vicinity
Aufnahme,Recording
Achtung,Danger
gleiche,same
Viele,Many
Lee,lee
Eddie,Eddie
you,you
Mission,mission
bekomme,get
laut,loud
Schmerz,pain
A,A
Ehrlich,Honestly
Schlag,Blow
Lisa,Lisa
Jawohl,Yes indeed
Fleisch,Meat
legen,place
möchtest,would like
Verstehst,I see
Wozu,For what reason
Weihnachten,Christmas
Erinnerst,Remember
Zieh,Pull
Schwierigkeiten,difficulties
Park,park
Durch,Through
Bleiben,Remain
wussten,knew
meint,means
Gesellschaft,Company
Vince,Vince
gebeten,requested
erhalten,receive
bedeuten,mean
Kennst,Know
verstecken,hide
Respekt,respect
dasselbe,the same thing
Gehirn,Brain
entschieden,decided
zieht,pulls
liebst,love
dachten,thought
Witze,jokes
na,n/a
sorgen,care for
All,Alles
Volk,People
Rat,advice
lebe,live
Präsidenten,Presidents
Schuhe,Shoes
Monster,Monster
dauern,last
Beweise,Proofs
Hälfte,half
schauen,look
Kirche,Church
Eines,One
E,E
Hintern,butt
Spur,track
Lehrer,Teacher
Hilf,Help
Gold,gold
Denken,Think
lieb,dear
FBI,FBI
wunderbar,wonderful
Güte,quality
lasst,leaves
Jim,Jim
geliebt,loved
fahre,drive
Loch,Hole
geschlagen,beaten
ganzes,whole
wunderschön,beautiful
lachen,laugh
Colonel,Colonel
beweisen,prove
Zeig,show
Kleiner,Smaller
gegenüber,opposite
Bus,bus
großes,big
Verstand,understanding
trägt,carries
herausfinden,find out
gewartet,waited
niemandem,no one
Gegend,Area
Bevor,Before
schönen,beautiful
seltsam,strange
bewegt,emotional
Kate,Kate
Haut,skin
Fotos,photos
nah,close
Angriff,attack
Erzähl,Tell
interessant,Interesting
Schlaf,Sleep
Wind,wind
Jesus,Jesus
Messer,Knife
lag,lay
fürchte,fear
beginnt,begins
Weiter,Further
überrascht,surprised
to,to
Richard,Richard
Stell,Place
gefangen,caught
bleib,stay
Bein,leg
Eier,Eggs
singen,to sing
seht,look
Überraschung,Surprise
Dorf,Village
besorgen,obtain
Glas,Glass
Fünf,Five
Einfach,Simply
besuchen,visit
geändert,changed
beginnen,begin
Henry,Henry
echte,real
Pferd,Horse
Held,hero
Taxi,taxi
Freunden,friends
mitnehmen,take along
Gruppe,group
Sorry,Sorry
besorgt,worried
System,system
Gleich,Same
Würde,Would
Jimmy,Jimmy
ruft,calls
Fahren,Drive
Steh,Stand
nimmst,take
Obwohl,Although
Bringt,Brings
falschen,wrong
Susan,Susan
leisten,afford
schwanger,pregnant
Fahr,Drive
Adresse,address
gemeinsam,together
B,b
entkommen,escape
übel,bad
vermisst,missing
Lady,lady
Küche,Kitchen
Flug,Flight
Besuch,Visit
hängt,hangs
werfen,throw
falsche,wrong
Sogar,Even
Ring,ring
Verschwinde,Go away
überleben,survive
Nick,Nick
Gesetz,Law
Tor,Goal
Wald,Forest
ungefähr,approximately
s,s
Patienten,patients
Maschine,machine
Könnten,Could
junge,boy
Fräulein,young lady
gehts,it's okay
Ehe,Before
Würden,Would
Schauspieler,Actor
Dach,Roof
Übersetzung,translation
kannte,knew
Bringen,Bring
drinnen,inside
Wisst,Know
Während,While
Tat,did
Suche,Search
Kim,Kim
Letzte,Last
blöd,stupid
Blumen,Flowers
Setzen,Set
Joy,Joy
Freiheit,Freedom
seines,his
Ecke,Corner
Wäre,Were
Knast,Jail
Karten,cards
pro,Per
Leg,Leg
helfe,help
oh,Oh
Wein,Wine
wette,bet
Vergnügen,Enjoyment
Uns,Us
Unterschied,Difference
Lieber,Dear
Chuck,Chuck
Verbrechen,crime
gibst,give
Vertrauen,Trust
gesund,healthy
Deswegen,Because of this
zweite,second
Hörst,Listen
Steve,Steve
erkennen,recognize
Danny,Danny
Meter,meter
euren,yours
weder,neither
Schüler,Pupils
obwohl,although
bisher,until now
welcher,which
Mut,courage
davor,before
Bar,bar
wohnen,reside
Dem,Dem
Echt,Real
statt,instead of
Pause,Break
Neues,New
Auftrag,Order
Hoffentlich,Hopefully
Tschüss,Bye
Wand,Wall
schreit,cries
Männern,men
Kennen,Know
spreche,speak
kostet,costs
Zuerst,First
Erfolg,Success
Wofür,For what
soweit,so far
Möchtest,Would like
Meinen,Mean
teilen,split
erschossen,shot
entlang,along
Eis,Ice
Amerikaner,American
Abendessen,Dinner
Mistkerl,bastard
übernehmen,take over
Irgendwas,Anything
danken,to thank
irgendwann,sometime
gebaut,built
Bobby,Bobby
schützen,protect
beenden,finish
Super,Excellent
Andy,Andy
Van,Van
Polizist,police officer
gefahren,driven
Chris,Chris
Bericht,report
wovon,About what
Test,test
Monsieur,Monsieur
Arme,poor
wüsste,knew
woher,from where
Majestät,majesty
Fertig,Ready
versteht,understands
trifft,meets
Meer,sea
Hut,cap
zuvor,before
lief,ran
Doug,Doug
Haltet,Hold on
Zeitung,Newspaper
Mami,Mommy
schuldig,guilty
bauen,build
Freude,Joy
zufrieden,satisfied
Zuhause,At home
versuchte,tried
Drink,drink
Niemals,Never
sprach,spoke
indem,by
gemeint,meant
fühlst,feel
deren,whose
Quatsch,Nonsense
Kugel,Bullet
Klingt,Sounds
hielt,held
Gericht,Court
furchtbar,terrible
Würdest,Would you
Wirst,Will
verpasst,lost
Ohren,ears
Rose,rose
neuer,newer
fanden,found
Haufen,heap
Drehbuch,script
Gutes,Good
Schätzchen,baby
Deal,deal
Haar,hair
stehe,stand
fassen,grasp
Ehemann,Husband
funktionieren,function
fragte,asked
verhaftet,arrested
drüber,over it
Sergeant,sergeant
Verantwortung,Responsibility
Major,major
feiern,celebrate
Bücher,Books
kümmere,take care
ähnlich,similar
unterhalten,entertain
Stein,Stone
kümmert,takes care
nächstes,next
gewusst,known
Beim,At the
schöner,more beautiful
aufpassen,watch out
Unglaublich,Incredible
Katze,Cat
DER,THE
geschieht,happens
Brüder,brothers
mitgebracht,brought along
unseres,ours
Verstehe,Understand
Lord,lord
letztes,last
dessen,whose
Vier,Four
mitten,in the middle
erinnert,remind
Wahnsinn,Craziness
vorhin,earlier
Neuigkeiten,news
setzt,puts
klasse,class
Einige,Some
zufällig,randomly
Kleid,Dress
Jedenfalls,Anyway
Angebot,Offer
erklärt,explained
stellt,provides
Monica,Monica
Restaurant,restaurant
Kommst,Come on
Zur,To
Serie,series
melden,report
Clark,Clark
Brücke,Bridge
Erinnerungen,Memories
gestellt,placed
Sagt,Says
Schmerzen,Pains
besteht,consists
wwwtvuserde,wwwtvuserde
verdienen,earn
hallo,Hello
offensichtlich,apparently
Fisch,Fish
hängen,hang
Gelegenheit,Opportunity
Endlich,Finally
Möchten,Want
konntest,could
Doctor,Doctor
bekommst,get
Al,Al
Idioten,Idiots
Virus,virus
größte,largest
gingen,went
Strand,Beach
geplant,planned
betrunken,drunk
fängt,catches
keinem,no one
bringst,bring
Süße,sweetness
Nancy,Nancy
irgendwelche,any
Thema,Theme
Date,Date
Stellen,Place
machten,made
diesmal,this time
Guck,Look
Figur,figure
Weisst,You know
ne,no
brechen,break
lacht,laughs
Gar,Even
angetan,impressed
Paar,Couple
Druck,Pressure
mitkommen,come along
Ab,Away
reich,rich
Nie,Never
Mark,mark
Leider,Unfortunately
Fluss,Flow
wirkt,works
Werden,Become
traf,met
schließlich,finally
Richtige,right one
Gewalt,Violence
gelaufen,ran
Ari,Ari
Ray,Ray
Daten,Data
Hunde,dogs
Großvater,grandfather
wahre,real
nachgedacht,thought about
Falle,Cases
eigenes,own
Au,Ow
Solange,As long as
Gang,corridor
sahen,saw
erreicht,reached
Willen,will
Tommy,Tommy
solchen,such
schlechter,worse
einzigen,single
willkommen,welcome
ermordet,murdered
Tiere,Animals
Sollte,Should
längst,a long time ago
Don,Don
Autos,cars
Hätte,Would have
wohnt,lives
Max,Max
krieg,war
Jeff,Jeff
fiel,fell
Hose,trousers
Mary,Mary
leiden,Suffer
Hau,Hau
sprichst,speak
freue,am happy
Außer,Except
gebrochen,Broken
Baum,Tree
Kyle,Kyle
gehalten,held
Träume,dreams
Reihe,Row
LA,LA
stelle,Job
Medizin,medicine
halb,half
gezeigt,shown
Meilen,miles
Lieutenant,Lieutenant
hieß,was called
Wunsch,Wish
erster,first
Befehle,Commands
Bastard,bastard
rief,shouted
Nachdem,After
Toten,Kill
Frühstück,Breakfast
schaffst,create
ihres,hers
aufgeben,give up
Jake,Jake
Gespräch,Conversation
Engel,Angel
verbringen,spend
Terroristen,Terrorists
Erfahrung,Experience
brauchte,needed
schätzen,treasure
seien,be
Nehmt,Take
Bad,bath
Vogel,Bird
Anna,Anna
Roger,Roger
Wochenende,weekend
neun,nine
fantastisch,fantastic
Bleibt,Remains
zweiten,second
vollkommen,completely
Unter,Under
verfolgen,track
schläft,is sleeping
bemerkt,noticed
Marge,margin
Erste,First
erinnerst,remember
Deinen,Yours
Wichser,wanker
Signal,signal
Wollt,Want
Wieder,Again
schließen,close
Pistole,gun
lächerlich,ridiculous
Filme,Films
geschlossen,closed
de,de
übrigens,by the way
Phoebe,Phoebe
fragt,asks
Detective,Detective
President,President
Beweis,Proof
frequency,frequency
wichtiger,more important
weinen,cry
Nächste,Next
Zeitpunkt,time
Pläne,plans
Matt,Frosted
Manche,Some
Besser,Better
welches,which
schlägt,beats
Club,Club
Carter,Carter
schönes,beautiful
küssen,kiss
Chandler,Chandler
Scherz,hoax
behandelt,treated
Waren,Were
Madame,Madame
halbe,half
Trotzdem,Despite it
London,London
fair,fair
weiteren,further
Großartig,Great
Farbe,Color
Sara,Sara
Natur,Nature
entdeckt,discovered
Seiten,pages
Gestern,Yesterday
selben,the same
langweilig,boring
Kuchen,Cake
bessere,better
Bürgermeister,mayor
treten,step
lautet,is
größer,greater
stehlen,steal
Knie,Knee
Besonderes,Special
Aha,Aha
heim,home
Regen,Rain
hingehen,go there
Beeil,hurry
gefeuert,fired
Martin,Martin
Koffer,Suitcase
verfolgt,tracked
Geschäfte,businesses
zumindest,at least
umsonst,for free
Wayne,Wayne
Welches,Which
Million,million
Folgen,Follow
dorthin,there
Welcher,Which
daraus,from it
bißchen,a little
Antworten,Answer
Lösung,Solution
hinaus,out
leer,empty
Halte,Hold
Krankheit,Illness
geblieben,remained
City,City
Hank,Hank
hasst,hates
Kräfte,Forces
Sieg,victory
rauf,up
Frag,Ask
passierte,happened
Zufall,Coincidence
San,San
Füße,Feet
geschossen,shot
College,college
heisst,is called
einiges,some
dankbar,thankful
See,lake
mochte,want
Flughafen,Airport
Erklärung,Explanation
Charles,Charles
Rufen,Call
gebrauchen,use
Flasche,Bottle
Englisch,English
sterbe,die
Soldat,soldier
wurdest,became
Kurs,course
jedenfalls,anyway
getrunken,drank
isst,eats
zeig,show
Danach,Thereafter
Je,Je
fühlte,felt
DIE,THE
fliegt,flies
reichen,are sufficient
Erinnerung,Memory
derjenige,the one
einigen,some
nachts,at night
Geschichten,stories
Story,story
Schande,shame
passen,fit
Jedes,Each
Toilette,Toilet
Jones,Jones
Ganze,Whole
fern,remote
Darauf,On it
peinlich,awkward
Fast,Nearly
Eric,Eric
hilf,help
Dreck,dirt
welchem,which one
töte,kill
schafft,creates
Doc,Doc
Mädels,Girls
Worauf,On what
solltet,should
Lüge,lie
verhindern,impede
Holt,Get
erwähnt,mentioned
Tatsache,fact
Pete,Pete
langer,longer
erlaubt,allowed
eingeladen,invited
Code,code
Bald,Soon
Pflicht,Duty
Anzug,Men's suit
angegriffen,attacked
Palmer,Palmer
Karen,Karen
Tatsächlich,Actually
Steig,Rise
Einsatz,Mission
Zweifel,Doubt
Königin,queen
England,England
Direktor,director
Davon,Of that
Schwanz,tail
gewinnt,wins
Schloss,Lock
erschießen,shoot
Guter,Goods
versteh,understand
Trottel,Fool
jungen,boys
Fähigkeiten,skills
dreht,rotates
tötet,kills
spiele,games
klug,smart
zulassen,allow
Seien,Be
lügen,lie
House,House
Hmm,Hmmm
Form,shape
Runde,round
verlangt,demanded
scharf,sharp
lösen,solve
hassen,to hate
wünschen,wish
Tier,animal
Richter,Judge
Karriere,Career
vorbereitet,prepared
Versuchen,Attempt
Stock,floor
Luke,hatch
vertraut,trusted
Sprache,Language
Panik,panic
Martha,Martha
Kuss,kiss
Interesse,interest
Zustand,Condition
überprüfen,check
stören,disturb
ln,ln
kontrollieren,check
freuen,be happy
Schuss,shot
Risiko,risk
gilt,applies
überlebt,survived
Schauen,Look
Mannes,man
huh,huh
Bruce,Bruce
zurückkommen,Come back
Ryan,Ryan
Opa,Grandpa
Cool,Cool
erzählte,told
Übersetzt,Translated
Knochen,Bone
Gern,Gladly
gelogen,lied
Kunden,Customers
Wesen,beings
USA,USA
nachdenken,ponder
Gerade,Straight
gekriegt,got
Big,Big
Braut,bride
wahnsinnig,insane
Oma,granny
Streit,Fight
Polizisten,police officers
stehst,stand
hinterlassen,leave behind
Adam,Adam
Jane,Jane
denk,think
toller,great
jagen,to hunt
nutzen,to use
Red,Red
enden,end up
Blödsinn,Nonsense
Sommer,Summer
Rache,Revenge
gebraucht,needed
Urlaub,Vacation
irre,crazy
Gebt,Give
Kino,movie theater
Radio,radio
Wohl,Probably
merken,notice
zeige,show
abholen,pick up
Keller,"basement, cellar"
stoppen,to stop
Glaub,Believe
Machst,Do
Lügen,Lie
Labor,laboratory
Stopp,stop
zieh,pull
Versprechen,Promise
Warst,You were
schwach,weak
Robert,Robert
Genug,Enough
verliert,loses
Commander,Commander
schreien,scream
Officer,Officer
geschah,happened
Milch,milk
schade,Pity
hinein,into it
geklaut,Stolen
Punkte,Points
Maria,Maria
schlage,hit
Publikum,audience
Kerle,Guys
scheinen,seem
pass,passport
Jede,Every
Gebiet,Area
echten,real
Staaten,States
schaffe,create
Entweder,Either
entführt,kidnapped
einfacher,easier
Werde,Become
fragst,you ask
wart,wait
vermisse,miss
überlegen,superior
Schaut,Looks
Dienst,service
Rennen,Run
beendet,completed
warm,warm
kompliziert,complicated
herein,in
Vertrag,Contract
vermutlich,allegedly
Feinde,Enemies
Anführer,leader
außerhalb,outside
Ihn,Him
Lächeln,Smile
geglaubt,believed
Washington,Washington
soviel,so much
reparieren,repair
einsam,lonely
Scott,Scott
Gäste,Guests
bat,asked
ausgehen,go out
überzeugt,convinced
stärker,stronger
Programm,program
geheiratet,got married
Akte,file
verschiedene,different
Trick,trick
Lager,camp
Großmutter,grandmother
Lex,Lex
knapp,meager
fing,caught
Fang,Catch
hoffen,hope
handelt,acts
erwachsen,adult
Ehren,to honor
Berg,Mountain
Bereit,Ready
wusstest,you knew
Nett,Kind
lebst,live
Götter,Gods
gäbe,would exist
Fernseher,TV
Fahrer,driver
Zugang,Access
Schutz,Protection
gezogen,pulled
Fayed,Fayed
fahr,drive
Song,song
Penny,penny
geb,born
D,D
Verräter,traitor
Geheimnisse,Secrets
eh,eh
annehmen,assume
Dazu,In addition
blind,blind
schickt,sends
Riesen,Giants
schuld,fault
gesamte,entire
Gefällt,Pleases
wünsche,wishes
zählt,counts
verändern,change
Kiste,Box
behandeln,treat
Grenze,Border
Früher,Earlier
Bauch,Belly
steh,stand
schrieb,wrote
riecht,smells
Nachmittag,Afternoon
Vom,From the
vergeben,forgive
Lachen,Laugh
holt,get
Willow,Willow
Vorstellung,Performance
Video,Video
Nächstes,Next
Aufhören,Stop
Sendung,Broadcast
Langsam,Slow
landen,land
erstes,first
woanders,somewhere else
Fahrt,Drive
echter,real
liebte,loved
komplett,completely
getrennt,separated
Affen,Monkeys
Sprich,Speak
Prinz,prince
gedreht,turned
dringend,urgent
Daniel,Daniel
CIA,CIA
verbunden,tied together
schlechten,bad
nackt,naked
Gas,gas
Carl,Carl
Audrey,Audrey
schwul,gay
Irgendwie,Somehow
Deckung,cover
schicke,send
Gras,grass
suchst,are looking for
Gentlemen,gentlemen
Beeilung,Hurry
verletzen,injure
Diesmal,This time
trage,sluggish
desto,the more
Zunge,Tongue
springen,jump
Gewehr,gun
fliehen,flee
aufgenommen,recorded
Angeles,Angeles
merkwürdig,unusual
weiterhin,furthermore
Stuhl,Chair
Star,star
Zahlen,Pay
Vergessen,Forget
Übrigens,By the way
Tode,Deaths
irgend,any
teuer,expensive
Mühe,Effort
Zähne,Teeth
nirgendwo,nowhere
erzähle,tell
Episode,episode
ändert,changes
wofür,for what
Schnitt,cut
Ziemlich,Quite
Zehn,Ten
mindestens,at least
Jeden,Every
eurer,yours
Jerry,Jerry
satt,Fed up
Helden,Heroes
Aufmerksamkeit,Attention
blöde,stupid
Freundschaft,Friendship
Absolut,Absolutely
treffe,meet
Sydney,Sydney
freundlich,friendly
F,F
schwarzen,black
Leitung,Line
folgt,follows
Sechs,Six
Brian,Brian
arme,poor
Wieviel,How much
Szenen,Scenes
Norden,north
Ms,Ms
gesetzt,set
Chief,Chief
verursacht,caused
Roboter,robot
Bender,Bender
Rechnung,The invoice
trauen,trust
Mister,Mister
Hexe,Witch
Ohr,Ear
nehm,take
junger,younger
Freut,Happy
Dieb,Thief
Bedeutung,Meaning
Allerdings,However
h,H
Dingen,things; matters
freut,happy
Ma,Ma
Schlange,Snake
Laut,Loud
klappt,works
Pilot,pilot
morgens,In the morning
Holen,Fetch
Grab,dig
arbeitest,work
extra,extra
bewusst,consciously
Vorwärts,Forward
Verstehen,Understand
Heilige,Saints
verlässt,leaves
Taylor,Taylor
halben,half
endet,ends
Ed,Ed
Selbstmord,Suicide
Schneller,More quickly
Schade,A pity
Mond,moon
Ideen,Ideas
Dabei,Included
Absicht,Intention
Walter,Walter
Projekt,Project
Einheit,Unit
umgehen,evade
Pferde,Horses
gehofft,hoped
Leichen,corpses
Explosion,explosion
Aufnahmen,Recordings
Wilson,Wilson
Töte,Kill
Schatten,Shadow
wählen,choose
Türen,Doors
Kleider,Dresses
Geister,Ghosts
zweimal,twice
William,William
schief,wrong
Morgan,Morgan
Garten,Garden
erzählst,tell
Schönheit,beauty
Hurensohn,Son of a bitch
begann,started
existiert,exists
Bestes,Best
Bühne,stage
verdammter,damned
langen,long
Ton,volume
Nachbarn,Neighbors
mitgenommen,taken away
Worüber,About what
schien,seemed
handeln,act
gemein,mean
Einmal,Once
Brust,Breast
verschwinde,disappear
unternehmen,company
netter,nicer
bester,best
aufgehört,stopped
Wert,Value
reinkommen,come in
Hubschrauber,helicopter
befindet,located
weitermachen,keep going
Harvey,Harvey
Acht,Eight
Wirklichkeit,reality
rauchen,smoke
Genie,genius
einander,each other
Verbrecher,criminal
spielst,play
aufgeregt,upset
Vincent,Vincent
Rom,Rome
Größe,Size
gegenseitig,each other
Unterstützung,Support
me,me
Killer,killer
Hemd,Shirt
Erlaubnis,Permission
Böse,Evil
Ärzte,doctors
Alte,Old
schreibt,writes
Kapitän,captain
größten,biggest
fuhr,drove
nachher,afterward
fährst,drive
entlassen,dismissed
Stop,Stop
Stimmen,Voices
Nerven,Annoy
Freitag,Friday
entwickelt,developed
beobachtet,observed
Tränen,tears
Text,text
Nee,Nope
Mitte,center
St,St
la,la
geraten,devices
Gegner,Opponent
Simpson,Simpson
Josh,Josh
dadurch,through this
Julie,Julie
herauszufinden,to find out
Gast,Guest
setz,put
blieb,stayed
Strom,Electricity
Karma,karma
Schnauze,snout
müssten,would have to
Kunst,Art
besprechen,discuss
Tritt,Kick
Jacke,Jacket
entschuldige,sorry
Alkohol,alcohol
Prozent,percent
Zelle,cell
vergiss,forget
Stich,Sting
Papier,Paper
kenn,know
verboten,forbidden
M,M
Geduld,patience
angeht,concerns
Theater,theatre
Nr,No
menschliche,human
Hatte,Had
schlau,clever
gerufen,called
Agenten,agents
verpassen,miss
Staffel,Squadron
Ruhig,Quiet
kapiert,Got it
Herzlichen,Kind regards
Entschuldigt,Sorry
Emily,Emily
wußte,knew
Menschheit,humanity
Maggie,Maggie
ertragen,bear
bricht,breaks
verwirrt,confused
Hoheit,Your Highness
schaut,looks
Howard,Howard
beeilen,hurry up
Abteilung,Department
Victor,Victor
ums,ums
Schaden,Damage
nette,cute
Chaos,chaos
Bisher,Until now
abhauen,run away
abgeschlossen,completed
Pfund,Pound
innerhalb,within
Botschaft,Message
Regisseur,Director
Großer,Greater
dunkel,dark
Straßen,streets
Senator,senator
antun,do to
ziehe,pull
Verdammte,Damn
Klo,loo
gewählt,chosen
Diesen,This one
unschuldig,innocent
Termin,meeting
Wolf,wolf
enttäuscht,disappointed
vertraue,trust
erkannt,recognized
liest,reads
Wachen,guards
stellte,presented
schwimmen,to swim
Ha,Ha
Fick,fuck
erlebt,experienced
ergibt,results
Gründe,reasons
Familien,Familys
älter,older
Wüste,Desert
spielte,played
ehe,before
trägst,carry
irgendjemand,anyone
Flucht,Escape
bieten,offer
Alarm,alarm
Stehen,Stand
schmeckt,tastes
riskieren,take risk
konzentrieren,focus
Flotte,fleet
Armen,poor
Darüber,About it
Sollten,Should
Nadia,Nadia
übergeben,hand over
Spiegel,Mirror
selten,rarely
Hure,whore
befreien,to free
starten,start
lebendig,lively
vernichten,destroy
vermissen,miss
Trinken,Drink
Spielen,Play
wahren,preserve
spüren,sense
m,m
Könntest,Could
Finde,Find
betrifft,regards
Besonders,Particularly
antworten,answer
angekommen,arrived
allerdings,however
Schlacht,battle
richtiger,more correct
Priester,priest
lm,lm
erzähl,tell
entweder,either
durcheinander,mixed up
begleiten,accompany
Truppen,troops
singt,sings
Krebs,Cancer
Gerechtigkeit,justice
Beide,Both
außerdem,aside from that
Zumindest,At least
Information,information
yeah,yeah
angesehen,viewed
überzeugen,convince
tötete,killed
Satz,Sentence
Kuh,Cow
Bulle,Bull
Bomben,Bombs
zählen,to count
normalerweise,normally
Lügner,Liar
leg,leg
Kugeln,Bullets
Dreh,Spin
arbeitete,worked
akzeptieren,accept
Zeugen,Witnesses
trennen,separate
hungrig,hungry
C,C
stört,disturbs
mehrere,several
ebenfalls,also
Wenigstens,At least
vorn,front
Stoff,Material
steigen,climb
Dave,Dave
Damals,At that time
beinahe,nearly
umzubringen,to kill
Talent,talent
stammt,comes from
Müll,Garbage
Gleiche,Same
Films,Films
Strafe,Penalty
Spannende,Exciting
lauter,volume up
Fähigkeit,Capability
Später,Later
Katie,Katie
frag,ask
Westen,west
verschwindet,disappears
Normalerweise,Normally
Logan,Logan
locker,relaxed
Leonard,Leonard
Leiter,Director
Jonathan,Jonathan
dahinter,behind it
angenommen,assumed
zuhören,listen
verlor,lost
Ted,Ted
sexy,sexy
Feld,Field
Beruhige,Calm down
aufnehmen,to record
schwarz,black
Kollegen,Colleagues
is,is
Walt,Walt
voraus,in advance
verhaften,to arrest
Grad,Degree
gleichzeitig,at the same time
versuchst,try
Helfen,Help
Unmöglich,Impossible
Universum,universe
Dummkopf,fool
boardtvuserde,boardtvusearth
saß,sat
Mexiko,Mexico
draussen,outside
begegnet,encountered
gucken,look
geholt,fetched
einverstanden,agreed
Marian,Marian
Brille,Glasses
wohne,live
Notfall,Emergency
Andere,Other
Verzeihen,Pardon
Spuren,Sense
Pizza,Pizza
grad,Degree
Quelle,source
Mitglied,Member
leichter,lighter
Dämon,demon
brennt,burns
herausgefunden,found out
fehlen,miss
erwarte,expect
Details,Details
begraben,to bury
Vegas,Vegas
Texas,Texas
geöffnet,open
verbracht,spent
steigt,increases
Klinik,clinic
beruhigen,calm
Sack,bag
laß,let
kochen,cook
auseinander,apart
Magst,Like
Kohle,Money
Jackson,Jackson
Rock,skirt
Nathan,Nathan
Sonntag,Sunday
Set,set
Presse,Press
ebenso,as well
Bravo,Bravo
Beerdigung,Burial
angreifen,attack
Untersuchung,Investigation
legt,lays
Japan,Japan
bestellt,ordered
Süden,south
Donna,donna
dicht,close
Hoch,High
gefolgt,followed
Fest,Firmly
Wunderbar,Wonderful
TV,TV
Treppe,Stairs
toten,kill
Stärke,Strength
ruiniert,ruined
Manager,Manager
leise,quiet
kosten,cost
Finden,Find
eurem,yours
Eindruck,Impression
dürfte,should
besiegen,defeat
trinke,drink
Militär,Military
Kevin,Kevin
Gift,Poison
deutlich,clearly
welchen,which
weißen,white
klingelt,rings
Bye,Bye
Etwa,Approximately
Schädel,skull
Findest,Find
Dinger,things
wichtige,important
taten,did
Vorschlag,Suggestion
Hintergrund,background
dienen,serve
Bestimmt,Definitely
rechtzeitig,punctual
wagen,dare
Montag,Monday
Daran,To it
drehten,turned
wartest,wait
untersuchen,investigate
rausfinden,find out
Dunkelheit,Darkness
Brot,Bread
wundervoll,wonderful
Thomas,Thomas
Kommando,command
Führer,Leader
vorgestellt,presented
nenne,name
nahmen,took
Maschinen,machinery
Wetter,Weather
Inspektor,inspector
Geschmack,The taste
erfüllt,Fulfills
Post,post
Mittagessen,Lunch
Schlafzimmer,bedroom
harte,hardness
gezwungen,forced
Wach,Awake
überlegt,considered
Hood,Hood
sitze,sit
Landes,country
dauernd,constantly
beobachten,observe
überprüft,checked
tollen,great
Schweine,Pigs
gelegt,placed
Elizabeth,Elizabeth
Personen,persons
kämpft,fights
ergeben,result
China,China
zurückkehren,to return
wechseln,change
Turk,Turk
Zahl,Number
Wache,guard
Schiffe,Ships
Ritter,Knight
perfekte,perfect
hergekommen,came here
gelebt,lived
frisch,fresh
Samstag,Saturday
roten,redden
Passt,Fits
Lippen,lips
Besten,Best
Admiral,admiral
wirken,works
schnappen,snap
Samurai,samurai
öfter,more often
Klamotten,Clothes
Arthur,Arthur
Wem,Whom
Tim,Tim
Street,Street
Realität,reality
Pech,Bad luck
Kleidung,Clothing
Geiseln,hostages
erlauben,allow
Schöne,Lovely
Russen,Russians
Bereich,Area
Figuren,characters
dumme,stupid ones
aufstehen,stand up
anhalten,stop
Staat,Country
geführt,guided
zog,pulled
streiten,argue
Schnee,Snow
Patient,patient
Beruf,Profession
willen,will
Tests,Testing
Curtis,Curtis
Sally,Sally
Roy,Roy
irgendeine,any
zuviel,too much
Verhalten,Behave
Tote,dead
Regel,Rule
interessieren,interested
aufgegeben,given up
Stolz,Proud
schlug,hit
neulich,recently
Madam,madam
Heimat,Hometown
Gegenteil,Opposite
atmen,breathe
Vampir,vampire
lebte,lived
he,hey
fähig,capable
erleben,experience
Entscheidungen,decisions
beschlossen,decided
Wurde,Became
Prozess,process
Mitleid,Pity
geworfen,thrown
drücken,press
Sterben,Die
ließen,let
jedoch,however
Cop,cop
befinden,condition
Shane,Shane
Osten,east
Gerät,Device
Chicago,Chicago
Wege,ways
Unterhaltung,Entertainment
Steht,Stands
esse,eat
eifersüchtig,jealous
Tanz,dance
lebend,live
genießen,enjoy
Chase,Chase
schwarze,black
High,High
beeindruckt,impressed
abgesehen,apart
sorge,worries
rote,Red
Stil,style
Hosen,Pants
Geräusch,noise
Cousin,cousin
wehtun,hurt
Verschwinden,Disappear
verlangen,demand
for,for
zusehen,watch
versuch,attempt
Station,station
Deiner,Yours
seitdem,since
schreibe,write
Lucy,Lucy
betrogen,cheated
anderem,other
Reaktion,reaction
nannte,called
erfolgreich,successful
Beweg,Move
aufregend,exciting
Simon,Simon
glaubte,believed
Whoa,Whoa
Turtle,Turtle
Tempel,temple
Teams,teams
setze,set
Linie,line
Lincoln,Lincoln
heilen,heal
feuern,to fire
Casey,Casey
Scheint,Appears
Liebes,Dear
Geburt,birth
Brauchst,Need
unterschreiben,sign
Schulden,Debts
Larry,Larry
hau,hew
Gewissen,Conscience
Ethan,Ethan
erfunden,invented
Sterne,Stars
Planet,planet
Internet,Internet
dritte,third
Möglichkeiten,Possibilities
dieselbe,the same
Dean,dean
manche,some
Anweisungen,instructions
Gedanke,Thought
Cent,cent
Besseres,Better
abend,evening
Trink,Drink
stell,put
Locke,Locke
Häuser,Houses
Gegen,Against
Crew,crew
Theorie,theory
Schulter,shoulder
raten,guess
Legen,Place
Politik,politics
jederzeit,at any time
Himmels,heaven
Fass,barrel
Deinem,yours
Welchen,Which
Schrank,Wardrobe
Magen,stomach
Einstellung,Attitude
Zigaretten,Cigarettes
Vögel,Birds
Sprechen,Speak
rauskommen,come out
Hinter,Behind
Griff,Handle
gemerkt,noticed
Lois,Lois
Knopf,Button
Ralph,Ralph
Irgendwann,Sometime
Chinesen,Chinese
Tunnel,tunnel
Smith,Smith
Ratte,rat
Fry,Fry
ficken,fuck
Artikel,Article
worüber,about what
einziges,only one
warnen,to warn
Verstärkung,Reinforcement
Schwestern,sisters
nieder,low
k,k
Jason,Jason
gewisse,certain
gaben,gifts
Frankreich,France
behauptet,claims
aufgefallen,noticed
Versteck,Hideout
Schwarze,black
rennen,run
R,R
gewarnt,warned
erstmal,for now
Babys,Babies
verschiedenen,different
einziger,only one
Mittag,Midday
Krankenwagen,ambulance
altes,old one
Sturm,Storm
Motor,engine
Fische,fish
Drama,drama
beten,pray
besseren,better
begonnen,began
West,West
trug,wore
Titel,title
Teile,Parts
rechten,right
meins,mine
Erzählen,Tell
Cops,Cops
treibt,drives
Zeigen,Show
vieles,a lot
unterstützen,support
loswerden,Get rid of
geträumt,dreamed
Decke,Ceiling
besucht,visited
Grunde,Reasons
daher,therefore
weiße,white
gefühlt,felt
dritten,third
Arbeiten,Work
Tolle,Great
Stücke,pieces
Schild,Sign
empfangen,received
Chancen,opportunities
Zylonen,Cylons
wiedersehen,see you again
fange,catch
vernünftig,reasonable
reisen,travel
packen,pack
Keinen,None
Holz,Wood
erfreut,pleased
Emma,Emma
Buchanan,Buchanan
bestätigt,confirmed
Aussage,Statement
anfassen,touch
Studio,Studio
Leck,leak
greifen,grab
armen,poor
Zweck,Purpose
Stimmung,Mood
Scheck,check
richten,judge
Michelle,Michelle
Lewis,Lewis
Helft,Help
Angelegenheit,matter
erschreckt,frightened
Zuschauer,Viewers
Zucker,Sugar
Vertrau,Trust
verteidigen,defend
probieren,try out
Neue,New
führte,led
angezogen,attracted
Sender,Channel
Patrick,Patrick
offenbar,apparently
hiermit,herewith
gelandet,landed
spüre,feel
Besitz,possession
Wut,Fury
verarschen,kidding
Leo,Leo
Denkt,Thinks
rot,red
Kaiser,Emperor
Jesse,Jesse
Group,Group
geheim,secret
normale,normal
Gehst,Go
fühl,feel
Celia,Celia
Bürger,Citizens
anbieten,offer
verdammtes,damn
praktisch,practical
Fangen,Catch
Einheiten,units
Arima,Arima
wiederhole,repeat
Spieler,player
Sequenz,sequence
prima,fine
Mantel,Coat
Kindheit,childhood
geküsst,kissed
beigebracht,taught
Verabredung,Appointment
Sieben,Seven
Scheißkerl,Motherfucker
Käse,Cheese
J,J
Fälle,cases
Spike,Spike
schneiden,cut
Passen,Fit
Jackie,Jackie
Gedächtnis,memory
Weißen,whites
stimmen,voices
lügt,lies
herkommen,come here
Freundinnen,girlfriends
Ei,egg
worum,what about
real,real
informiert,informed
gemeldet,reported
Dämonen,Demons
beantworten,answer
Barry,Barry
amerikanische,American
Zigarette,Cigarette
Suppe,Soup
Stern,star
hoffentlich,hopefully
hauen,hit
gesteckt,plugged in
erschaffen,create
UND,AND
Scofield,Scofield
schlechtes,bad
Happy,Happy
bewahren,preserve
Magie,magic
Hass,hate
Einverstanden,Agreed
anziehen,put on 
Hinweis,Notice
Fabrik,Factory
unheimlich,scary
Todd,Todd
Stanley,Stanley
hinterher,after
Ziehen,Pull
schuldest,you owe
Schreibtisch,Desk
Krieger,warrior
Kameras,Cameras
Ihres,Yours
Höhle,cave
ernsthaft,seriously
wiederholen,repeat
Verlust,Loss
on,on
Kalifornien,California
geschenkt,gifted
entfernen,remove
definitiv,definitely
steckst,stuck
sprachen,languages
Sand,sand
daneben,Besides
zurecht,right
Uniform,Uniform
Künstler,Artist
gekämpft,fought
Daher,Therefore
wozu,for what reason
überlassen,left
Spitze,Great
Simpsons,Simpsons
Schritte,steps
Lange,Long
Drachen,Dragons
besitzt,owns
würd,would
schwere,heavy
schulde,debt
Fluch,curse
Anrufe,Calls
trinkt,drinks
solch,such
erfüllen,fulfill
Versprochen,Promised
lügst,lie
Kenny,Kenny
Hattest,Had
Bedrohung,threat
Yo,Yo
worauf,what
schlafe,sleep
durchgemacht,went through
Alice,Alice
Worum,About what
Unrecht,Injustice
sollt,should
lernt,learns
habs,got it
wild,wild
wachsen,grow
my,my
Komisch,Funny
Feigling,coward
Aaron,Aaron
Winter,winter
verzeihen,pardon
Mittel,Medium
Kreis,Circle
anstatt,instead of
Alan,Alan
zahlt,pays
Ursache,Caused
Stress,stress
versagt,failed
reingelegt,tricked
Amsterdam,Amsterdam
gewöhnt,used
Akten,files
starke,strength
spazieren,stroll
Hauptmann,Captain
Champagner,champagne
bestraft,punished
wenige,few
tolles,great
Mitternacht,midnight
Geruch,Odor
Suchen,Seek
Paradies,paradise
hübsche,pretty
Umgebung,Vicinity
schießt,shoots
ausruhen,relax
Abenteuer,adventure
scheiß,shit
Rita,Rita
Papiere,papers
behaupten,claim
begeistert,enthusiastic
Schokolade,Chocolate
Reich,Rich
zwingen,force
T,T
eingesperrt,locked
Terry,Terry
Perfekt,Perfect
musstest,had to
melde,report
Jordan,Jordan
Abmachung,agreement
Weiße,white
Laura,Laura
Genauso,Just as
Anteil,Portion
Wissenschaft,Science
verliere,lose
Tot,Dead
Spass,Fun
Media,Media
Hättest,You would have
zahle,pay
Amy,Amy
Welch,Which
treiben,to drive
stinkt,smells bad
regeln,regulate
brauchten,needed
Rechte,right
läßt,leaves
Fuck,Fuck
Flügel,wing
angelogen,lied to
verrückte,crazy ones
täglich,daily
Störung,Disturbance
Stark,Strong
Rein,Pure
klären,clear up
Große,Size
gewohnt,used
geflogen,flown
Dschungel,jungle
schickte,sent
Material,material
Herrgott,Good Lord
Grenzen,Boundaries
Womit,By which
Unterricht,Instruction
Sicht,view
besessen,obsessed
beschissen,crappy
Training,training
Posten,Post
Laßt,Leaves
Ladies,Ladies
Gnade,grace
Gesichter,faces
beschützt,protected
berührt,touched
Auftritt,Appearance
US,US
scheiße,Fuck
Rauch,smoke
neugierig,curious
Huh,Huh
zuletzt,last
Xander,Xander
verwandelt,transformed
Regie,Direction
nehmt,take
Kurz,Short
gehörte,belonged
durchs,through
Lana,Lana
Wissenschaftler,scientist
verschwenden,waste
Öffne,Open
Kopfschmerzen,Headache
eilig,hurry
bösen,evil
Amanda,Amanda
streng,strictly
Kilo,kilo
Data,Data
Vermutlich,Allegedly
Überall,Everywhere
Truck,truck
riechen,smell
reagiert,Reacts
Nigger,nigger
Munition,ammunition
La,La
Karl,Charles
irgendein,any
Gordon,Gordon
Fliegen,Fly
Donnerstag,Thursday
bekämpfen,fight
äußerst,extremely
übernehme,take over
kaufe,buy
Hirn,brain
hilfst,help
waschen,wash
Vorsichtig,Cautious
Kreuz,Cross
geil,cool
Bud,Bud
blöden,stupid
Antrag,Application
übersetzt,translated
stirbst,die
nennst,call
gekostet,cost
Fieber,Fever
Burns,Burns
vergisst,forgets
schwerer,heavier
rausholen,get out
Knarre,Ratchet
Heißt,Is called
gesamten,entire
deutsche,German
Legende,Legend
ha,Ha
Giles,Giles
fett,fat
Beziehungen,Relationships
Nenn,Nominal
Morris,Morris
Berge,Mountains
mitmachen,participate
Fred,Fred
Wette,bet
Offensichtlich,Apparently
Miststück,Bitch
merkt,notices
Gefangenen,prisoners
Edward,Edward
verwenden,use
Sklaven,slaves
haltet,hold
erscheint,appears
Bäume,trees
Badezimmer,bathroom
Schock,shock
heutzutage,nowadays
angestellt,employed
Such,Search
rächen,revenge
Maske,mask
Gewinner,winner
geschaffen,created
erscheinen,appear
Amen,Amen
Technik,Technology
gehöre,belong
Zentrale,Headquarters
übers,trans
subbed,subbed
Schreiben,Write
Penner,Jerk
heutigen,today
El,El
beruhigt,calmed down
Nina,Nina
kauft,buys
zugeben,admit
Steine,Stones
Spinner,crackhead
Otaru,Otaru
IN,IN
Hof,court
erkläre,explain
Benzin,petrol
kurze,short
Könnt,Can
it,it
bestellen,order
lege,lay
gehörst,belong
Europa,Europe
zuhause,at home
würdet,would
Sandy,Sandy
Rodney,Rodney
Ken,Ken
Entspann,Relax
ziehst,you pull
trotz,despite
mußte,had to
Basis,Base
Unglück,bad luck
menschlichen,human
Medikamente,Medication
Linda,Linda
Ihm,Him
höher,higher
erstaunlich,astonishing
Verteidigung,defense
Öffentlichkeit,Publicity
lese,reading
Erinnern,Remember
Einfluss,Influence
berühmt,famous
Berlin,Berlin
Stellung,position
Schicken,Send
Rot,Red
Leon,Leon
Kühlschrank,Refrigerator
Kette,Chain
DAS,THE
amerikanischen,American
verwickelt,involved
möglicherweise,possibly
Koch,Cook
erwischen,catch
eng,closely
aufzuhalten,to stop
woran,what
Tasse,Cup
reingehen,go in
Besitzer,Owner
Belohnung,Reward
Warnung,warning
voran,Ahead
verflucht,cursed
üben,practice
Solche,Such
Probe,sample
geschnappt,caught
Füßen,feet
erfährt,learns
Dusche,Shower
besiegt,defeated
Anderen,Others
Puppe,Doll
Maya,Maya
Mac,Mac
Hätten,Had
Empfang,Reception
Briefe,letters
berühren,touch
ausziehen,get undressed
Allein,Alone
wenigen,few
Vorteil,Advantage
Schwarzen,Black
Organisation,organization
gefiel,liked
Einladung,Invitation
Cäsar,Caesar
versprechen,promise
Umständen,circumstances
Miller,Miller
inzwischen,in the meantime
Heim,Home
Geschenke,Gifts
Farm,farm
abgehauen,escape
weiB,woman
tritt,occurs
Selbstverständlich,Of course
Oliver,Oliver
Köpfe,heads
Kelly,Kelly
find,find
Derek,Derek
clever,clever
Burt,Burt
Bond,Bond
Piloten,Pilots
Kilometer,kilometre
Euren,Yours
April,April
zwölf,twelve
Schüsse,Shots
Links,Left
freiwillig,voluntarily
erwähnen,mention
dank,thanks to
Zack,Zack
Schönes,Beautiful
Sammy,Sammy
Riley,Riley
Pillen,pills
liebsten,favorite
Lauft,Running
Hütte,hut
Humor,humor
fang,catch
erkennt,recognizes
aktiviert,activated
vorbereiten,prepare
trafen,met
Scylla,Scylla
Galactica,Galactica
Fürst,Prince
Diamanten,Diamonds
Carlos,Carlos
anzurufen,to call
angeschossen,shot
achten,regard
vernichtet,destroyed
vermute,guess
schenken,give
Offizier,officer
Jin,Jin
eindeutig,clearly
bestens,fine
wirft,throws
Wirf,Throw
weshalb,for what reason
testen,testing
Sayid,Sayid
Julia,Julia
Johnson,Johnson
drum,that's why
bestätigen,confirm
anscheinend,apparently
Wunde,wound
Wäsche,Laundry
Start,begin
SDI,SDI
rechte,right
offiziell,officially
einfache,simple
Hopper,Hoppers
Hatten,Had
Glaube,Believe
Dachte,Thought
Ausweis,ID
Todes,death
suchte,searched
Schrei,Scream
Kabel,Cable
Fresse,Fuck it
Dale,Dale
Version,version
starben,died
Scheidung,divorce
km,km
ICH,I
Green,Green
Fan,fan
einstellen,set
Blume,flower
versaut,messed up
Urteil,Verdict
per,by
lhres,yours
Jan,Jan
bestehen,consist
Kämpfer,fighter
Burke,Burke
wünscht,wishes
Ewigkeit,eternity
Elliot,Elliot
Angela,Angela
Abschluss,Diploma
Wade,calf
Vereinigten,United
Sohnes,son
Reis,rice
langsamer,slower
Betty,Betty
zeigte,showed
volle,full
verschwand,disappeared
Süßer,cutie pie
Sagte,said
Miete,Rent
Laufen,Run
Kleinen,little ones
Junior,Junior
flehe,beg
dick,thick
brav,well-behaved
Übung,Exercise
springt,jumps
sicherer,safer
Seil,Rope
Lektion,lesson
kennenzulernen,to get to know
Jungfrau,Virgo
brachten,brought
Tour,trip
Staub,Dust
Rettung,rescue
Bande,band
zurückgekommen,came back
Verdacht,Suspicion
verbrannt,burned
tiefer,deeper
identifizieren,identify
Hiro,Hiro
Ergebnis,Result
Cooper,cooper
Anscheinend,Apparently
albern,silly
Sport,Sports
Schwachsinn,Bullshit
Netz,network
Höhe,Height
fressen,eat
einst,once
aufmachen,open up
verabschieden,say goodbye
Uni,University
Überhaupt,At all
tanzt,dances
öffnet,opens
kamst,came
Jo,Yep
Ausgezeichnet,Excellent
wetten,bet
Werk,plant
verzweifelt,desperate
Verfügung,Disposal
Schönen,Beautiful
Phil,Phil
Kaum,Barely
gestört,disturbed
beibringen,teach
Tiger,tiger
schläfst,sleeping
Penis,penis
Iss,Eat
auftauchen,turn up
Seitdem,Since
Schließlich,Finally
King,King
Kapiert,Got it
Eile,Hurry
Doyle,Doyle
dennoch,nonetheless
Daß,That
bekamen,got
Bahnhof,Railroad station
Sebastian,Sebastian
rufst,you call
linken,left
blau,blue
Behandlung,Treatment
überfallen,ambushed
Prüfung,Test
Müssen,Must
Markt,market
Koma,coma
gelöst,solved
Geisel,hostage
Gary,Gary
Farben,Colors
Ausdruck,Expression
Atem,breath
weiteres,additional
Ungefähr,Approximately
Silas,Silas
Lesen,To read
einfallen,come up
blauen,blue
Zorn,anger
Taschen,Bags
Spiele,games
Söhne,sons
Meiner,Mine
lauf,run
existieren,exist
entschlossen,determined
aufgetaucht,popped up
tausend,thousand
soeben,just
Sawyer,Sawyer
reagieren,react
Murphy,Murphy
liefern,delivery
lernte,learned
Koordinaten,coordinates
hohen,high
half,helped
Black,Black
Worten,words
taub,deaf
notwendig,necessary
klauen,to steal
Katzen,Cats
Eurer,Yours
einladen,invite
begangen,committed
whoa,whoa
Verflucht,Cursed
uhm,uhm
Titten,Tits
leiten,lead
lecker,yummy
Assad,Assad
Kleines,Little one
Huhn,Chicken
Ergebnisse,Results
Sprung,Leap
Seelen,souls
Plätze,places
planen,to plan
hi,Hi
geschnitten,cut
besondere,special
bescheuert,stupid
Oberst,Colonel
nachsehen,check
more,more
Marie,Mary
Lehrerin,Teacher
Kanada,Canada
Helen,Helen
ausgesucht,select
Zone, Zone
Vampire,Vampires
Taten,actions
Schlimmste,Worst
sammeln,collect
Mauer,Wall
besseres,better
Ausgang,Exit
anschauen,look at
Anklage,accusation
Töten,Kill
Spielchen,Games
Jagd,hunt
Gewicht,Weight
Affe,Ape
reiten,ride
lächeln,smile
know,know
Autor,author
Yen,yen
womit,by which
Musst,Must
bereuen,regret
schreckliche,terrible
Satelliten,Satellites
Rückkehr,return
Reporter,reporter
Prost,Bottom up
versuchten,tried
Hollywood,Hollywood
Dienstag,Tuesday
berichten,to report
wieviel,how much
Setzt,Puts
scheinst,seem
Mäuse,Mice
Interessant,Interesting
hässlich,ugly
Gabe,Gabe
And,And
stellst,put
Nutte,hooker
nass,wet
kurzem,recently
gekümmert,cared for
Umstände,Circumstances
Tausende,Thousands
Sun,Sun
präsentiert,presents
Krise,crisis
Jugend,youth
hättet,would have
Gesundheit,Health
bestimmten,certain
anstellen,hire
Affäre,affair
Wettbewerb,Competition
Vermögen,Assets
Sharon,Sharon
nebenan,next door
Kosten,Cost
Kamui,Kamui
extrem,extreme
verwendet,used
verbergen,hide
unangenehm,unpleasant
Tricks,Tricks
Tatort,crime scene
School,School
Miyazawa,Miyazawa
Her,Her
wunderbare,wonderful
stimme,agree
sparen,save
Marty,Marty
besitzen,own
Arschlöcher,Assholes
verlange,demand
verdiene,deserve
Verdammter,Damn
Unterwäsche,underwear
Museum,museum
Kanal,channel
Irgendwelche,Any
hörten,heard
Frankie,Frankie
Ziele,Goals
Zeitungen,Newspapers
verurteilt,sentenced
Season,Season
irgendeinem,anyone
Carol,Carol
weitergehen,move on
Verzeih,forgive
standen,stood
Kara,Kara
frische,freshness
Ann,Ann
Action,Action
Zieht,Pulls
vermasselt,screwed up
stets,always
Stand,was standing
Schick,Chic
Lucas,Lucas
Lärm,Noise
Irgendjemand,Anyone
Führerschein,Driver's license
Dick,Thick
Anschlag,attack
Versicherung,Insurance
this,this
nützlich,useful
Mannschaft,team
hä,huh
Gredenko,Gredenko
Wichtiges,Important
Tyler,Tyler
Täter,Perpetrator
Sheldon,Sheldon
Modell,Model
Kopie,Copy
Alten,Olds
schweigen,be silent
Rätsel,Puzzle
Leidenschaft,Passion
grosse,size
Glaubt,Believes
beides,both
Stirb,Die
Spion,spy
las,read
Indien,India
Deutschen,Germans
beeil,hurry
Veränderung,change
SE,SE
Gepäck,Baggage
entwickeln,develop
Eingang,Entrance
blaue,blueness
Allen,Allen
wenden,turn around
verlasse,leave
Sich,Itself
Rakete,rocket
Marshall,Marshall
klingen,sound
Heiligen,Saints
guck,look
großartige,great
explodiert,explodes
beliebt,popular
Technologie,technology
schließt,closes
normalen,normal
Kekse,Cookies
Keitarô,Keitaro
getragen,carried
wächst,grows
versetzt,offset
SIE,SHE
doppelt,double
Bösen,evil
Appetit,appetite
Wollte,Wanted
Verpiss,Fuck off
Universität,university
momentan,at the moment
Diener,servant
Asche,ash
Angel,fishing rod
Zusammen,Together
verließ,left
Treffer,Hit
Summer,Buzzer
Stift,Pen
Springfield,Springfield
dunklen,dark
verwandeln,transform
Verlierer,loser
Hitze,heat
Herausforderung,Challenge
Haken,Hook
echtes,real
weich,soft
verbrennen,burn
tote,dead
Lloyd,Lloyd
Kämpfe,Fights
Gouverneur,governor
Gag,gag
erkenne,recognize
Wendy,Wendy
sinnlos,pointless
repariert,repaired
Nation,nation
Jahrhundert,century
Gerüchte,Rumors
aufgewacht,woke up
Antworte,Answer
Sünde,sin
Mum,Mom
Deutsche,German
Aye,Aye
tapfer,brave
Puls,Pulse
Pool,pool
Laune,Mood
Identität,identity
Hügel,hill
gefälligst,if you please
Brett,board
unglücklich,unhappy
Tötet,Kills
Null,Zero
niedlich,cute
Gegenwart,Present
Fremden,Strange
Francisco,Francisco
eingesetzt,used
Camp,Camp
zurückgehen,go back
Motorrad,motorcycle
Master,master
K,K
gedauert,lasted
Fingerabdrücke,fingerprints
Brüste,Breasts
vermeiden,avoid
unterstützt,supports
Molly,Molly
Handschellen,Handcuffs
Fantastisch,Fantastic
Christus,Christ
Botschafter,ambassador
attraktiv,attractive
wichtigen,important
Verschwindet,Disappears
Tracy,Tracy
streichen,cancel
Schnappt,Snaps
Irgendetwas,Anything
Geschwindigkeit,speed
gebt,give
Fox,Fox
eingestellt,set
durfte,could
befreundet,friends
aussteigen,exit
Zeuge,witness
Wünsche,Wishes
VON,FROM
Rückzug,retreat
persönlichen,personal
Jobs,Jobs
entspannen,relax
Atlantis,Atlantis
abgeben,hand over
Wirkung,Effect
White,White
such,search
schaden,damage
meistens,mostly
Handel,trade
Filmen,Film
Exzellenz,Excellence
Ernsthaft,Seriously
Deutschland,Germany
Applaus,applause
Widerstand,Resistance
mutig,brave
mitbringen,bring along
Letztes,Last
geleistet,accomplished
geklappt,succeeded
führe,lead
Aua,Ouch
Wichtigste,Most important
Schluck,Gulp
Hill,Hill
Ebene,level
beleidigt,insulted
aufwachen,wake up
Aah,Ahh
Woran,About what
unhöflich,impolite
Panzer,tank
Lang,Long
innen,Inside
Golf,golf
Erster,First
eingehen,enter
Zwischen,Between
Jay,Jay
Jägerin,huntress
heiratet,marries
Gangster,gangster
dachtest,you thought
bezahle,pay
Beeilt,Hurry
Wessen,Whose
weint,cries
Narr,fool
Hä,Huh
Fans,fans
Enkel,grandson
Tokyo,Tokyo
Schauspielerin,actress
Offenbar,Apparently
Jenny,Jenny
Gründen,Found
gefasst,caught
Fahrzeug,vehicle
einsetzen,insert
Chip,chip
behalte,keep
befreit,freed
zurückbringen,return
schüchtern,shy
persönliche,personal
jünger,younger
Direkt,Direct
daheim,home
beteiligt,involved
aufgewachsen,grew up
Zauberer,wizard
verabredet,have an appointment
schick,chic
Pfarrer,Pastor
o,O
Mommy,Mommy
Louis,Louis
Irgendwo,Somewhere
Carla,Carla
bilden,form
Bewusstsein,consciousness
abnehmen,lose weight
X,X
Überfall,raid
schaue,look
käme,would come
Hausaufgaben,homework
Führung,guide
Walsh,Walsh
Stan,Stan
Ooh,Ooh
Jäger,Hunter
Hauses,house
Bibel,Bible
aufmerksam,attentive
Arten,species
Animation,animation
Werbung,Advertising
Verkehr,Traffic
sicheren,secure
pleite,broke
klappen,succeed
Greg,Greg
Eva,Eve
brach,broke
ankommen,arrive
Rich,Rich
nannten,called
Mio,million
ginge,would go
Gesetze,Laws
fürchten,to fear
Bibliothek,library
verprügelt,beaten up
verhandeln,negotiate
ungern,reluctantly
riesigen,huge
Rasse,race
Miles,Miles
Meredith,Meredith
leihen,lend
Ladung,charge
Garage,garage
Dutzend,dozen
Beth,Beth
Aussehen,Look
verhalten,behave
telefonieren,make a phone call
tauschen,to exchange
Steuern,Steer
Roman,novel
nutzlos,useless
Male,times
Tschüs,Bye
sir,sir
seltsame,strange
schaust,look
Klopfen,Beat
kannten,knew
Furcht,fear
freien,free
Felsen,rock
Dadurch,Through this
weglaufen,run away
schmecken,taste good
nichtmal,not even
Lhre,Yours
Kram,junk
JD,JD
Hammer,hammer
Hafen,Harbor
Ausweg,way out
Spanisch,Spanish
Seth,Seth
September,September
Ratten,Rats
mächtig,powerful
Lies,Read
bequem,comfortable
Albtraum,nightmare
trocken,dry
Tokio,Tokyo
stecke,stuck
Prima,Fine
kennengelernt,met
gewollt,wanted
besonderen,special
Vietnam,Vietnam
untersucht,examined
senden,send
Ruhm,Fame
Kunde,customer
könne,could
Ins,Into the
Beginn,beginning
pünktlich,on time
Parkplatz,parking spot
Miami,Miami
getrieben,driven
Conrad,Conrad
Arbeiter,workers
Abgesehen,Apart from that
Weshalb,For what reason
weggehen,go away
Tara,Tara
Phase,phase
Papi,Daddy
Nächte,nights
Grace,Grace
Gaius,Gaius
Fein,Fine
einig,Some
außen,Outside
Anblick,sight
Wolken,Clouds
Verdächtigen,suspects
übertrieben,exaggerated
Stufe,Level
stöhnt,moans
South,South
Sitz,Seat
Schwäche,weakness
Schuh,shoe
Schieß,Shoot
S,S
Öffnen,Open
Mittwoch,Wednesday
lerne,learn
hübsches,pretty
heiligen,sanctify
grausam,awful
Funk,Wireless
Bestie,beast
Welten,worlds
Versteht,Understands
verlierst,lose
selbe,same
Phillip,Philip
Haaren,hair
freie,free
Clown,clown
Bauern,farmers
angeboten,offered
Aktion,action
abends,at evening
wwwsubcentralde,wwwsubcentralde
wohnst,live
stürzen,fall
Sid,Sid
Katastrophe,catastrophe
hielten,held
Gisborne,Gisborne
Enterprise,Enterprise
Darnell,Darnell
Beruhigen,Calm
Ausrüstung,equipment
verärgert,annoyed
Schlimmes,Bad
Rick,Rick
Jean,Jean
Bergen,Bergen
Träumen,dream
Tanzen,Dance
Stellt,Provides
sicherlich,surely
schmutzig,dirty
Paket,package
netten,nice
Milliarden,billion
Handtuch,Hand towel
Annie,Annie
Whistler,Whistler
vorwärts,forward
schaff,create
Rebellen,Rebels
Minister,minister
Marcus,Marcus
Königs,King's
Kauf,purchase
grün,green
Ware,Goods
trainieren,train
studiert,educated
Scheiss,Shit
Plötzlich,Suddenly
naja,Oh well
Möge,May
hundert,hundred
Göttin,goddess
geirrt,mistaken
Frohe,Happy
benehmen,behavior
Spielzeug,toy
Socken,Socks
Schreie,Screams
malen,to paint
Highschool,High school
FÜR,FOR
entgegen,in contrast to
Durst,thirst
be,be
Anakin,Anakin
vergiftet,poisoned
Tagebuch,diary
Raumschiff,spaceship
komische,funny ones
Hühnchen,chicken
gewöhnen,get used to
geflohen,fled
Fakten,Facts
Experiment,experiment
erschöpft,exhausted
Brown,Brown
bestimmte,particular
haut,skin
gewöhnlich,usually
Findet,Finds
Falsch,Incorrect
dürft,may
Berichte,Reports
angenehm,pleasant
Zellen,cells
wonach,what
sorgt,ensures
prüfen,check
no,no
möglichen,possible
meiste,most
Mai,May
kürzlich,recently
korrekt,correctly
Juli,July
festhalten,hold onto
Feier,Celebration
bedroht,threatened
bedanken,thank you
Aufregung,excitement
angeblich,allegedly
Versager,failure
vergesse,forget
nervt,annoying
Mönch,monk
Lou,Lou
Little,Little
Leela,Leela
Küste,coast
Kämpfen,Battle
greift,takes hold
DNA,DNA
Betrüger,cheater
weiterer,further
triffst,meet
schlägst,beats
Pater,Father
Morde,Murders
kontrolliert,controlled
grade,straight
Ehefrau,Wife
Deck,deck
Wächter,Guardian
Leistung,Performance
Las,read
immernoch,still
Ereignisse,events
Dana,Dana
bereitet,prepared
Akt,act
verschlossen,locked
toter,Dead
geheimen,secret
Bär,bear
Sucht,Seeks
Sowas,Like this
Safe,safe
Patientin,patient
opfern,sacrifice
mies,bad
Liebst,Dearest
leeren,to empty
hattet,had
eingeschlafen,fell asleep
Bedingungen,Conditions
Aufzug,Elevator
Z,Z
verlaufen,get lost
Palast,palace
Ned,Ned
Marine,marine
Lampe,lamp
hinweg,away
herrscht,prevails
Herein,In
größere,larger
Erstens,First
Drehen,Turn
Charakter,character
brennen,burn
Batman,Batman
Anzeichen,Signs
anhören,listen
Teller,Plate
süße,sweetness
solle,should
Seltsam,Strange
Sehe,See
Sandwich,sandwich
nettes,nice
Kommentar,comment
interessante,interesting
geladen,loaded
Eher,Rather
Dunkeln,Dark
Cox,Cox
UBoot,Submarine
Tipp,Tip
Reifen,Tires
Profi,professional
nirgends,nowhere
Last,load
getreten,kicked
Geräusche,Sounds
Fort,Cont
Fantasie,fantasy
draus,out
Apartment,Apartment
Verständnis,Understanding
spiel,game
rund,around
reine,pure
Leutnant,lieutenant
Leib,body
Hitler,Hitler
geheime,secret
Versuche,Try
unterschrieben,signed
ruinieren,ruin
Nennen,To name
Momente,moments
Hauptquartier,headquarters
Blödmann,dumbass
Apparat,apparatus
Ankunft,Arrival
wecken,wake up
Unterlagen,Documents
Rosen,Roses
Mögen,Like
Hugo,Hugo
Dennis,Dennis
ausgesetzt,exposed
your,yours
Wusstest,Knew
ungewöhnlich,unusual
Symbol,symbol
Revier,Territory
n,n
Lieferung,Delivery
Köder,bait
keins,no
Juden,Jews
hübscher,prettier
heimlich,secretly
garantiert,guaranteed
Flur,Hallway
Fahrrad,Bicycle
diejenige,the one
Bishop,Bishop
Anne,Anne
Abgemacht,Deal
verrückten,crazy
Shannon,Shannon
riesig,gigantic
regnet,raining
Raketen,Rockets
Mädel,girl
glücklicher,happier
bereiten,prepare
Autoren,Authors
studieren,study
Spinnst,Crazy
normales,normal
Indianer,Indians
ignorieren,to ignore
Heil,Unhurt
dummen,stupid
Brauchen,Need
betreten,enter
Armer,Poor
Weiss,White
Versprich,Promise
vergangen,past
träumen,dream
romantisch,romantic
Nebel,Fog
Moskau,Moscow
Kombination,combination
kämpfe,fight
entschuldigt,sorry
Bau,Building
übernommen,accepted
Protokoll,protocol
müsstest,would have to
Mitarbeiter,Employees
Marke,brand
Linc,Linc
keinerlei,none whatsoever
Joseph,Joseph
gesichert,secured
Desmond,Desmond
beeindruckend,impressive
Yuki,Yuki
Wolltest,You wanted to
Viertel,Quarter
Trainer,Trainer
positiv,positive
pinkeln,to pee
Neun,Nine
nähern,approach
Leber,liver
Kehle,throat
freu,happy
einkaufen,shopping
Crichton,Crichton
absichtlich,intentionally
Vorfall,incident
Nicole,Nicole
Motel,motel
illegal,illegal
Cliff,cliff
Blue,Blue
baut,builds
ausgerechnet,of all things
warne,warn
Verhandlung,negotiation
unwichtig,unimportant
umziehen,move
Tragödie,tragedy
Richie,Richie
Parker,Parker
NICHT,NOT
Netter,Nicer
leidet,suffers
Leb,Live
heut,today
ern,ern
bietet,offers
Beinen,legs
ausmachen,turn off
ausgegangen,went out
wartete,was waiting
Verfassung,Constitution
Vaughn,Vaughn
Teppich,Carpet
Rauchen,Smoke
Laster,Vice
friedlich,peaceful
Folgendes,The following
bezweifle,doubt
Ausbildung,Training
Willie,Willie
trainiert,trained
Soweit,So far
Paß,Passport
Kindes,child
hell,bright
Glocke,Bell jar
gewissen,conscience
genauer,more accurate
Cole,Cole
Catalina,Catalina
Bruders,brother
Besucher,Visitors
Bailey,Bailey
Aussicht,Outlook
arm,poor
Ripped,Ripped
Kapitel,Chapter
Einem,One
diejenigen,those
Ai,Ai
Wille,will
Weib,woman
schlag,hit
Santa,Santa
gewachsen,grown
genügt,enough
geheilt,healed
Friedhof,Cemetery
folge,consequence
Evan,Evan
entscheidet,decides
entdecken,discover
DeepThought,DeepThought
Sinne,senses
ordentlich,orderly
loslassen,let go
Käfig,Cage
Harris,Harris
taucht,dives
Segen,blessing
Schildkröte,tortoise
scheißegal,don't give a fuck
Original,Original
losgehen,go off
Kommandant,commander
hoffte,hoped
gestanden,confessed
dreimal,3 times
Behörden,authorities
verkaufe,sell
übertragen,transmitted
Trotz,Despite
Trauer,Grief
Schweigen,Be silent
Russland,Russia
kurzen,short
Brieftasche,wallet
Beute,prey
Vergleich,Comparison
unfair,unfair
Turner,Turner
Tradition,tradition
Sünden,sins
Sondern,Rather
schweren,heavy
Mick,Mick
Isabelle,Isabelle
Halloween,Halloween
gelacht,laughed
Florida,Florida
beweist,proves
anfängt,begins
amüsieren,amuse
UBahn,Subway
Tal,valley
Stiefel,Boots
steig,rise
segne,bless
Konto,Account
Jennifer,Jennifer
Jahres,year
gefreut,pleased
G,G
Französisch,French
fliege,Fly
Existenz,existence
DU,YOU
Cowboy,cowboy
Zauber,Magic
vertragen,tolerated
OP,OP
löst,solves
gefehlt,missing
Café,Coffee shop
Ausflug,Side trip
Abschaum,scum
wehgetan,hurt
unterbrechen,interrupt
rausgefunden,found out
infiziert,infected
Guy,Guy
Gentleman,gentleman
gefickt,fucked
Flieger,Aviator
Festung,fortress
Faust,fist
auftaucht,shows up
Salat,salad
Revolution,revolution
KungFu,KungFu
Kids,Kids
harten,hard
gerissen,cracked
einzelnen,individual
besonderes,special